corridor,name,subtitle,dest_lat,dest_lon,n_source_isos,n_source_countries,min_total_cost,median_total_cost,p25_total_cost,p75_total_cost,min_gen_cost,median_gen_cost,min_transport_cost,median_transport_cost,best_source_country,dominant_mode,within_cap_points,colour,scenario,year
A,Corridor A,North Africa & Middle East via Italy,41.9,12.5,19,19,3.0333350934364036,5.024375880001378,4.100666017436797,5.638635149242192,2.1284443754001203,3.3458797831095235,0.5999694628032692,1.4500604053407682,MAR,H2 Gas,381,#E63946,Current trajectory,2030
B,Corridor B,"Iberian Gateway (SW Europe, Africa & Americas)",37.26,-6.94,27,27,2.986215043766671,5.367756469416944,5.011104136757181,6.067553815559183,2.057544910285291,3.231427136982288,0.21629999999999996,1.9810438207844487,MAR,NH3,1236,#F4A261,Current trajectory,2030
C,Corridor C,North Sea Hub (Global Seaborne),51.92,4.48,132,115,3.6177730961694623,5.726495213765288,5.108367174165484,7.087291977309306,1.8501510670752663,3.3799186075274377,1.572397422261285,2.187887501631508,USA,NH3,4706,#2196F3,Current trajectory,2030
D,Corridor D,"Nordic, Baltic & Atlantic (Offshore Wind)",53.55,9.99,5,3,3.0302671319335466,5.605524699335218,4.82342326987578,5.919986488262579,1.9325400745397971,3.2673721513722267,0.8174036413688548,2.2533403064033832,GBR,NH3,216,#4CAF50,Current trajectory,2030
E,Corridor E,"SE Europe, Ukraine & Middle East Gateway",48.21,16.37,16,16,3.2673311325468717,6.749792060924253,5.569031271760679,7.837987367140353,2.3513473738761856,3.6984359982300816,0.6493595721292902,3.0263075296138373,TUR,NH3,571,#9C27B0,Current trajectory,2030
EU,EU Domestic,EU Domestic Production,,,27,23,1.914550821711679,4.002334573981009,3.6128440376958717,4.663869095073789,1.914550821711679,4.002334573981009,0.0,0.0,-99,Domestic,299,#009688,Current trajectory,2030
