corridor,name,subtitle,dest_lat,dest_lon,n_source_isos,n_source_countries,min_total_cost,median_total_cost,p25_total_cost,p75_total_cost,min_gen_cost,median_gen_cost,min_transport_cost,median_transport_cost,best_source_country,dominant_mode,within_cap_points,colour,scenario,year
A,Corridor A,North Africa & Middle East via Italy,41.9,12.5,19,17,3.370323682018273,5.0110922091971375,4.534037301220364,5.844915919781821,2.4621391882462174,3.567772330756204,0.5999694628032692,1.347487709517621,MAR,H2 Gas,265,#E63946,Ambitious,2027
B,Corridor B,"Iberian Gateway (SW Europe, Africa & Americas)",37.26,-6.94,27,26,3.5453987090254886,5.851422890272943,5.510788135906929,6.3070858484681676,2.3705285213532856,3.767165646225227,0.21629999999999996,1.9724710458874306,MAR,NH3,897,#F4A261,Ambitious,2027
C,Corridor C,North Sea Hub (Global Seaborne),51.92,4.48,132,90,3.906002336743683,5.948020219297365,5.538097042151291,6.726442186644565,2.1403091749392855,3.728325940956119,1.572397422261285,2.121114496907377,USA,NH3,3223,#2196F3,Ambitious,2027
D,Corridor D,"Nordic, Baltic & Atlantic (Offshore Wind)",53.55,9.99,5,3,3.3468331100121977,5.935497210952821,4.827126668803977,6.393140484774236,2.2255779030761125,3.644751809325208,0.8174036413688548,2.1154250027038115,GBR,NH3,190,#4CAF50,Ambitious,2027
E,Corridor E,"SE Europe, Ukraine & Middle East Gateway",48.21,16.37,16,13,3.649881757030121,7.108061326745622,5.599043752981944,8.167601558997998,2.6945795050725847,3.928556149493478,0.6746669057117312,3.0707396896138373,TUR,NH3,313,#9C27B0,Ambitious,2027
EU,EU Domestic,EU Domestic Production,,,27,18,2.1869504576825456,4.633656897233408,3.9038961788049655,5.128384361707714,2.1869504576825456,4.633656897233408,0.0,0.0,-99,Domestic,249,#009688,Ambitious,2027
