corridor,name,subtitle,dest_lat,dest_lon,n_source_isos,n_source_countries,min_total_cost,median_total_cost,p25_total_cost,p75_total_cost,min_gen_cost,median_gen_cost,min_transport_cost,median_transport_cost,best_source_country,dominant_mode,within_cap_points,colour,scenario,year
A,Corridor A,North Africa & Middle East via Italy,41.9,12.5,19,19,2.734506640732681,4.651692460962309,3.8308146411469215,5.142637249939202,1.8351973942543727,3.0100880602202844,0.5999694628032692,1.569074985112832,MAR,H2 Gas,525,#E63946,Current trajectory,2040
B,Corridor B,"Iberian Gateway (SW Europe, Africa & Americas)",37.26,-6.94,27,27,2.418239252728737,4.509961876023963,4.222495798219878,5.625823760955215,1.7411430535621824,2.6956525156606923,0.21629999999999996,1.7724870839411706,MAR,NH3,1543,#F4A261,Current trajectory,2040
C,Corridor C,North Sea Hub (Global Seaborne),51.92,4.48,132,131,3.359440341990362,5.273277222321449,4.56611394607704,6.371155000406204,1.5912576559875036,2.88388205579083,1.572397422261285,2.1882726388553237,USA,NH3,5536,#2196F3,Current trajectory,2040
D,Corridor D,"Nordic, Baltic & Atlantic (Offshore Wind)",53.55,9.99,5,3,2.747554297693454,4.551181485949519,4.1997725144915465,4.699506845240094,1.6700638625642141,2.658775920159333,0.8174036413688548,1.8237719518456128,GBR,NH3,219,#4CAF50,Current trajectory,2040
E,Corridor E,"SE Europe, Ukraine & Middle East Gateway",48.21,16.37,16,16,2.9325886886816273,5.289999980430448,4.72229291736781,5.762851691127823,2.00012833414557,3.0798033075409257,0.6493595721292902,2.0021327004197955,TUR,NH3,711,#9C27B0,Current trajectory,2040
EU,EU Domestic,EU Domestic Production,,,27,25,1.666223815186049,3.444917787753001,3.07613834223626,4.040624934733097,1.666223815186049,3.444917787753001,0.0,0.0,-99,Domestic,331,#009688,Current trajectory,2040
