corridor,name,subtitle,dest_lat,dest_lon,n_source_isos,n_source_countries,min_total_cost,median_total_cost,p25_total_cost,p75_total_cost,min_gen_cost,median_gen_cost,min_transport_cost,median_transport_cost,best_source_country,dominant_mode,within_cap_points,colour,scenario,year
A,Corridor A,North Africa & Middle East via Italy,41.9,12.5,19,18,3.3703236820182716,5.080743991029463,4.568435839644291,6.015969187173184,2.462139188246217,3.64259424264077,0.5999694628032692,1.3727250610836341,MAR,H2 Gas,298,#E63946,Intermediate,2027
B,Corridor B,"Iberian Gateway (SW Europe, Africa & Americas)",37.26,-6.94,27,26,3.545398709025488,5.624230052599052,5.411901977320504,5.964283125405718,2.3705285213532856,3.7834046455731567,0.21629999999999996,1.7716500120455578,MAR,NH3,1025,#F4A261,Intermediate,2027
C,Corridor C,North Sea Hub (Global Seaborne),51.92,4.48,132,101,3.9060023367436827,6.136327015072033,5.604845462210429,7.189762071026353,2.140309174939285,3.8090750410204492,1.572397422261285,2.1700369756110147,USA,NH3,3871,#2196F3,Intermediate,2027
D,Corridor D,"Nordic, Baltic & Atlantic (Offshore Wind)",53.55,9.99,5,3,3.3468331100121973,5.624087191770572,4.850894157381765,6.046366072721846,2.225577903076112,3.7295318990810733,0.8174036413688548,1.8237719518456128,GBR,NH3,219,#4CAF50,Intermediate,2027
E,Corridor E,"SE Europe, Ukraine & Middle East Gateway",48.21,16.37,16,14,3.64988175703012,6.321241080271989,5.631792051386197,6.965135952843365,2.6945795050725847,4.161691124554882,0.6493595721292902,2.2667624245545994,TUR,NH3,431,#9C27B0,Intermediate,2027
EU,EU Domestic,EU Domestic Production,,,27,23,2.1869504576825447,4.66766551912754,3.9437360455063013,5.238917909442875,2.1869504576825447,4.66766551912754,0.0,0.0,-99,Domestic,271,#009688,Intermediate,2027
