corridor,name,subtitle,dest_lat,dest_lon,n_source_isos,n_source_countries,min_total_cost,median_total_cost,p25_total_cost,p75_total_cost,min_gen_cost,median_gen_cost,min_transport_cost,median_transport_cost,best_source_country,dominant_mode,within_cap_points,colour,scenario,year
A,Corridor A,North Africa & Middle East via Italy,41.9,12.5,19,17,3.0333350934364045,4.439168623792117,3.9555598315632308,5.13928202533382,2.1284443754001208,2.9911769009970466,0.5999694628032692,1.347487709517621,MAR,H2 Gas,273,#E63946,Intermediate,2030
B,Corridor B,"Iberian Gateway (SW Europe, Africa & Americas)",37.26,-6.94,27,26,2.9862150437666712,4.966258090114053,4.7832515635424135,5.214203218694276,2.0575449102852916,3.133503655615445,0.21629999999999996,1.7721798717040678,MAR,NH3,938,#F4A261,Intermediate,2030
C,Corridor C,North Sea Hub (Global Seaborne),51.92,4.48,132,91,3.617773096169463,5.395707642366956,4.990736948072035,6.1572552602013735,1.8501510670752668,3.1478826821756556,1.572397422261285,2.139356503066754,USA,NH3,3435,#2196F3,Intermediate,2030
D,Corridor D,"Nordic, Baltic & Atlantic (Offshore Wind)",53.55,9.99,5,3,3.0302671319335475,5.155506400850726,4.446980187237356,5.36839143884877,1.9325400745397976,3.264876800069563,0.8174036413688548,1.834914541563418,GBR,NH3,211,#4CAF50,Intermediate,2030
E,Corridor E,"SE Europe, Ukraine & Middle East Gateway",48.21,16.37,16,13,3.2673311325468726,5.726009934336481,4.909238179036563,6.2741637032767335,2.351347373876186,3.5168262517933164,0.6746669057117312,2.2413906837898687,TUR,NH3,347,#9C27B0,Intermediate,2030
EU,EU Domestic,EU Domestic Production,,,27,19,1.9145508217116796,3.93961897252692,3.504791759231277,4.445332505789285,1.9145508217116796,3.93961897252692,0.0,0.0,-99,Domestic,255,#009688,Intermediate,2030
