corridor,name,subtitle,dest_lat,dest_lon,n_source_isos,n_source_countries,min_total_cost,median_total_cost,p25_total_cost,p75_total_cost,min_gen_cost,median_gen_cost,min_transport_cost,median_transport_cost,best_source_country,dominant_mode,within_cap_points,colour,scenario,year
A,Corridor A,North Africa & Middle East via Italy,41.9,12.5,19,19,2.4739700035475316,4.020041786961237,3.3177890026037438,4.419692145873674,1.5837950039845157,2.3915107286148483,0.5999694628032692,1.5687298203981237,LBY,H2 Gas,523,#E63946,Ambitious,2050
B,Corridor B,"Iberian Gateway (SW Europe, Africa & Americas)",37.26,-6.94,27,27,1.985180120905196,3.9682712579067574,3.7145982601422203,4.854758476658138,1.3767537770047602,2.1436388528051733,0.21629999999999996,1.7724870839411706,MAR,NH3,1541,#F4A261,Ambitious,2050
C,Corridor C,North Sea Hub (Global Seaborne),51.92,4.48,132,128,3.1528457665909073,4.67861268139497,4.062381529627326,5.630807493423105,1.3767537770047602,2.311451288299129,1.572397422261285,2.189011238157981,CHL,NH3,5524,#2196F3,Ambitious,2050
D,Corridor D,"Nordic, Baltic & Atlantic (Offshore Wind)",53.55,9.99,5,3,2.5316966911440053,4.022446290130041,3.870381575772046,4.1397856023851265,1.4720864005303507,2.1515830081698457,0.8174036413688548,1.8237719518456128,GBR,NH3,219,#4CAF50,Ambitious,2050
E,Corridor E,"SE Europe, Ukraine & Middle East Gateway",48.21,16.37,16,16,2.6730830555381973,4.691941482406133,4.148479473099943,5.156458176509135,1.5837950039845157,2.497861554819193,0.6493595721292902,2.0021327004197955,TUR,NH3,711,#9C27B0,Ambitious,2050
EU,EU Domestic,EU Domestic Production,,,27,23,1.478577671097381,2.8608078806148276,2.50868134115342,3.327759691488875,1.478577671097381,2.8608078806148276,0.0,0.0,-99,Domestic,328,#009688,Ambitious,2050
