corridor,name,subtitle,dest_lat,dest_lon,n_source_isos,n_source_countries,min_total_cost,median_total_cost,p25_total_cost,p75_total_cost,min_gen_cost,median_gen_cost,min_transport_cost,median_transport_cost,best_source_country,dominant_mode,within_cap_points,colour,scenario,year
A,Corridor A,North Africa & Middle East via Italy,41.9,12.5,19,15,3.0333350934364036,4.302781951538755,3.920973433905076,4.906683860144638,2.1284443754001203,2.9537543883692674,0.5999694628032692,1.3410092089223569,MAR,H2 Gas,250,#E63946,Ambitious,2030
B,Corridor B,"Iberian Gateway (SW Europe, Africa & Americas)",37.26,-6.94,27,23,2.986215043766671,4.8721982880382795,4.66981260602302,5.074533886390743,2.057544910285291,3.0759124068313293,0.21629999999999996,1.768929695675257,MAR,NH3,642,#F4A261,Ambitious,2030
C,Corridor C,North Sea Hub (Global Seaborne),51.92,4.48,132,78,3.6177730961694627,5.155958799069528,4.858116349068764,5.8427151636717,1.8501510670752663,3.0852529073682042,1.572397422261285,2.0235576160720528,USA,NH3,2303,#2196F3,Ambitious,2030
D,Corridor D,"Nordic, Baltic & Atlantic (Offshore Wind)",53.55,9.99,5,3,3.0302671319335466,4.764786300038616,4.1100014448132125,5.10424408296316,1.9325400745397971,2.9850414400861753,0.8174036413688548,1.7615730537202765,GBR,NH3,127,#4CAF50,Ambitious,2030
E,Corridor E,"SE Europe, Ukraine & Middle East Gateway",48.21,16.37,16,13,3.2673311325468726,5.199416163744896,4.63466684420262,5.83393627034979,2.3513473738761856,3.156991881354506,0.6832123203259945,2.10512417694638,TUR,NH3,214,#9C27B0,Ambitious,2030
EU,EU Domestic,EU Domestic Production,,,27,17,1.914550821711679,3.918811466471463,3.4945810546402334,4.355138675001051,1.914550821711679,3.918811466471463,0.0,0.0,-99,Domestic,233,#009688,Ambitious,2030
