corridor,name,subtitle,dest_lat,dest_lon,n_source_isos,n_source_countries,min_total_cost,median_total_cost,p25_total_cost,p75_total_cost,min_gen_cost,median_gen_cost,min_transport_cost,median_transport_cost,best_source_country,dominant_mode,within_cap_points,colour,scenario,year
A,Corridor A,North Africa & Middle East via Italy,41.9,12.5,19,19,2.873494697482076,5.014221721279066,4.067107894578175,5.5872521386529606,1.971275310764009,3.3803273303122148,0.5999694628032692,1.569074985112832,MAR,H2 Gas,525,#E63946,Intermediate,2035
B,Corridor B,"Iberian Gateway (SW Europe, Africa & Americas)",37.26,-6.94,27,27,2.682583329464347,4.83780091810982,4.525863749014773,6.082632885459983,1.9083455974607793,3.027658265198721,0.21629999999999996,1.7724870839411706,MAR,NH3,1543,#F4A261,Intermediate,2035
C,Corridor C,North Sea Hub (Global Seaborne),51.92,4.48,132,130,3.4789305796759695,5.632806094200264,4.866520839943011,6.806676595218307,1.7109301535794716,3.217755959060951,1.572397422261285,2.1885561929660584,USA,NH3,5534,#2196F3,Intermediate,2035
D,Corridor D,"Nordic, Baltic & Atlantic (Offshore Wind)",53.55,9.99,5,3,2.878849077806872,4.873232622143037,4.343675624034377,5.032881185885962,1.7915605095632259,2.964917971407995,0.8174036413688548,1.8237719518456128,GBR,NH3,219,#4CAF50,Intermediate,2035
E,Corridor E,"SE Europe, Ukraine & Middle East Gateway",48.21,16.37,16,16,3.0887405941015933,5.572608830424321,5.078004429835889,6.10577191539668,2.188764698619251,3.422566804627499,0.6493595721292902,2.0021327004197955,TUR,NH3,711,#9C27B0,Intermediate,2035
EU,EU Domestic,EU Domestic Production,,,27,23,1.781190164892441,3.759669295489463,3.393979792663433,4.465493995461816,1.781190164892441,3.759669295489463,0.0,0.0,-99,Domestic,328,#009688,Intermediate,2035
