corridor,name,subtitle,dest_lat,dest_lon,n_source_isos,n_source_countries,min_total_cost,median_total_cost,p25_total_cost,p75_total_cost,min_gen_cost,median_gen_cost,min_transport_cost,median_transport_cost,best_source_country,dominant_mode,within_cap_points,colour,scenario,year
A,Corridor A,North Africa & Middle East via Italy,41.9,12.5,19,19,2.3194535947723343,3.358855087157936,2.9606329590513436,4.0182211272665915,1.4154814598630923,1.6773243133473899,0.5999694628032692,1.569074985112832,DZA,H2 Gas,525,#E63946,Current trajectory,2050
B,Corridor B,"Iberian Gateway (SW Europe, Africa & Americas)",37.26,-6.94,27,27,1.9146423692052437,3.844732756141317,3.6158029166992334,4.306865331205934,1.417735115329733,2.002075939611018,0.21629999999999996,1.7724870839411706,MAR,NH3,1543,#F4A261,Current trajectory,2050
C,Corridor C,North Sea Hub (Global Seaborne),51.92,4.48,132,131,3.0504233562406924,4.329552881979348,3.849659118855258,5.042262590412742,1.1576021150028128,2.0126587520567263,1.572397422261285,2.1882726388553237,JPN,NH3,5536,#2196F3,Current trajectory,2050
D,Corridor D,"Nordic, Baltic & Atlantic (Offshore Wind)",53.55,9.99,5,3,2.453389799024315,3.81659307151537,3.657963455997698,3.939170626225907,1.3299944507723562,1.9526043871170904,0.8174036413688548,1.8237719518456128,GBR,NH3,219,#4CAF50,Current trajectory,2050
E,Corridor E,"SE Europe, Ukraine & Middle East Gateway",48.21,16.37,16,16,2.2314971643905457,3.707818340404609,3.479144580885458,5.01395840659249,1.184774475221722,2.1655017406116186,0.6493595721292902,2.0021327004197955,TUR,NH3,711,#9C27B0,Current trajectory,2050
EU,EU Domestic,EU Domestic Production,,,27,25,1.4313799998738184,2.426649375669374,2.110621537190057,2.6895448605562704,1.4313799998738184,2.426649375669374,0.0,0.0,IRL,Domestic,331,#009688,Current trajectory,2050
