corridor,name,subtitle,dest_lat,dest_lon,n_source_isos,n_source_countries,min_total_cost,median_total_cost,p25_total_cost,p75_total_cost,min_gen_cost,median_gen_cost,min_transport_cost,median_transport_cost,best_source_country,dominant_mode,within_cap_points,colour,scenario,year
A,Corridor A,North Africa & Middle East via Italy,41.9,12.5,19,19,2.924188460874232,4.146449447191099,3.828629533361534,4.377500986724093,1.8550210694567006,2.623037071382892,0.5999694628032692,1.4540073028251488,MAR,H2 Gas,383,#E63946,Current trajectory,2030
B,Corridor B,"Iberian Gateway (SW Europe, Africa & Americas)",37.26,-6.94,27,27,2.8776013757317234,4.912406560620863,4.5151868431847975,5.303800092456947,1.8626394206256047,3.107594429099825,0.21629999999999996,1.770438611575666,MAR,NH3,1244,#F4A261,Current trajectory,2030
C,Corridor C,North Sea Hub (Global Seaborne),51.92,4.48,132,115,3.4409925612543626,5.305592902336873,4.827515124380739,6.347852260979861,1.5197103818044118,3.0902697964394723,1.572397422261285,2.1862876863522436,JPN,NH3,4706,#2196F3,Current trajectory,2030
D,Corridor D,"Nordic, Baltic & Atlantic (Offshore Wind)",53.55,9.99,5,3,2.9106000174868107,4.8622583147895755,4.281447078605475,5.076674931971263,1.7351724894134457,2.9644368406680224,0.8174036413688548,1.8237719518456128,GBR,NH3,219,#4CAF50,Current trajectory,2030
E,Corridor E,"SE Europe, Ukraine & Middle East Gateway",48.21,16.37,16,16,2.682644711428048,4.696836300153535,4.413801176840334,6.311624996683102,1.551277176362005,3.2289905300741992,0.6493595721292902,2.1916084100095747,TUR,NH3,573,#9C27B0,Current trajectory,2030
EU,EU Domestic,EU Domestic Production,,,27,23,1.8405851874575854,3.3523304714187914,3.109197901564636,3.7951093070132167,1.8405851874575854,3.3523304714187914,0.0,0.0,IRL,Domestic,299,#009688,Current trajectory,2030
