corridor,name,subtitle,dest_lat,dest_lon,n_source_isos,n_source_countries,min_total_cost,median_total_cost,p25_total_cost,p75_total_cost,min_gen_cost,median_gen_cost,min_transport_cost,median_transport_cost,best_source_country,dominant_mode,within_cap_points,colour,scenario,year
A,Corridor A,North Africa & Middle East via Italy,41.9,12.5,19,19,2.8734946974820765,4.919655622504216,3.981252667313182,5.32407042255579,1.9712753107640097,3.3252469424046036,0.5999694628032692,1.5278432563692999,MAR,H2 Gas,472,#E63946,Ambitious,2035
B,Corridor B,"Iberian Gateway (SW Europe, Africa & Americas)",37.26,-6.94,27,27,2.6825833294643475,4.777388114259409,4.51153291023023,5.812664301506592,1.9083455974607804,2.9474074557337926,0.21629999999999996,1.7724870839411706,MAR,NH3,1422,#F4A261,Ambitious,2035
C,Corridor C,North Sea Hub (Global Seaborne),51.92,4.48,132,126,3.4789305796759695,5.547855698762218,4.838929146417286,6.733838656690202,1.7109301535794723,3.1685972919437746,1.572397422261285,2.1873381567957106,USA,NH3,5303,#2196F3,Ambitious,2035
D,Corridor D,"Nordic, Baltic & Atlantic (Offshore Wind)",53.55,9.99,5,3,2.8788490778068723,4.873232622143039,4.343675624034379,5.032881185885963,1.7915605095632263,2.9649179714079956,0.8174036413688548,1.8237719518456128,GBR,NH3,219,#4CAF50,Ambitious,2035
E,Corridor E,"SE Europe, Ukraine & Middle East Gateway",48.21,16.37,16,16,3.088740594101594,5.569273252184566,5.076608852799549,6.084169167671804,2.188764698619252,3.4184785129884228,0.6493595721292902,2.003847157988666,TUR,NH3,706,#9C27B0,Ambitious,2035
EU,EU Domestic,EU Domestic Production,,,27,23,1.7811901648924415,3.709804763036728,3.373020627985289,4.397559226361249,1.7811901648924415,3.709804763036728,0.0,0.0,-99,Domestic,316,#009688,Ambitious,2035
