corridor,name,subtitle,dest_lat,dest_lon,n_source_isos,n_source_countries,min_total_cost,median_total_cost,p25_total_cost,p75_total_cost,min_gen_cost,median_gen_cost,min_transport_cost,median_transport_cost,best_source_country,dominant_mode,within_cap_points,colour,scenario,year
A,Corridor A,North Africa & Middle East via Italy,41.9,12.5,19,19,2.775739069161162,4.0307136146735685,3.6605583057945132,5.068332966827083,1.7201078042622995,2.384885369046806,0.5999694628032692,1.569074985112832,MAR,H2 Gas,525,#E63946,Intermediate,2035
B,Corridor B,"Iberian Gateway (SW Europe, Africa & Americas)",37.26,-6.94,27,27,2.585208387261266,4.67535025989339,4.401644823096326,5.346082727354965,1.7260840365775596,2.8366641426124364,0.21629999999999996,1.7724870839411706,MAR,NH3,1543,#F4A261,Intermediate,2035
C,Corridor C,North Sea Hub (Global Seaborne),51.92,4.48,132,130,3.32071880546847,5.144072636315341,4.593522590934892,6.073913990384341,1.4070107795316793,2.83590471105102,1.572397422261285,2.1885561929660584,JPN,NH3,5534,#2196F3,Intermediate,2035
D,Corridor D,"Nordic, Baltic & Atlantic (Offshore Wind)",53.55,9.99,5,3,2.771414723558685,4.5856869315086275,4.125529903397446,4.737511480303162,1.6103108949604976,2.676725017322296,0.8174036413688548,1.8237719518456128,GBR,NH3,219,#4CAF50,Intermediate,2035
E,Corridor E,"SE Europe, Ukraine & Middle East Gateway",48.21,16.37,16,16,2.5450728430212664,4.458256194124022,4.151530860264879,5.840456837367637,1.4374081073613423,3.0139934053800754,0.6493595721292902,2.0021327004197955,TUR,NH3,711,#9C27B0,Intermediate,2035
EU,EU Domestic,EU Domestic Production,,,27,23,1.7152200176033807,3.152764341266823,2.8383176405269204,3.508826487617406,1.7152200176033807,3.152764341266823,0.0,0.0,IRL,Domestic,328,#009688,Intermediate,2035
