corridor,name,subtitle,dest_lat,dest_lon,n_source_isos,n_source_countries,min_total_cost,median_total_cost,p25_total_cost,p75_total_cost,min_gen_cost,median_gen_cost,min_transport_cost,median_transport_cost,best_source_country,dominant_mode,within_cap_points,colour,scenario,year
A,Corridor A,North Africa & Middle East via Italy,41.9,12.5,19,19,2.522678145118054,3.553356253346008,3.1633781576382165,4.321733221387822,1.5034364661050392,1.8815815469187254,0.5999694628032692,1.569074985112832,DZA,H2 Gas,525,#E63946,Current trajectory,2045
B,Corridor B,"Iberian Gateway (SW Europe, Africa & Americas)",37.26,-6.94,27,27,2.1088941430345614,4.081649170719649,3.84792526606246,4.611011721363503,1.5067556073857336,2.24673691696639,0.21629999999999996,1.7724870839411706,MAR,NH3,1543,#F4A261,Current trajectory,2045
C,Corridor C,North Sea Hub (Global Seaborne),51.92,4.48,132,131,3.1283314173628747,4.567654843703206,4.071207777568025,5.334026932275206,1.2288390659918493,2.253636194392609,1.572397422261285,2.1882726388553237,JPN,NH3,5536,#2196F3,Current trajectory,2045
D,Corridor D,"Nordic, Baltic & Atlantic (Offshore Wind)",53.55,9.99,5,3,2.5458714203730897,4.04789964082877,3.8676366169008425,4.170349531753777,1.4107047858624022,2.152666172078208,0.8174036413688548,1.8237719518456128,GBR,NH3,219,#4CAF50,Current trajectory,2045
E,Corridor E,"SE Europe, Ukraine & Middle East Gateway",48.21,16.37,16,16,2.3225577240555544,3.9233613535744607,3.6771708600784785,5.322689276537226,1.2570414609632254,2.411750362323081,0.6493595721292902,2.0021327004197955,TUR,NH3,711,#9C27B0,Current trajectory,2045
EU,EU Domestic,EU Domestic Production,,,27,25,1.513539213878898,2.642485629746033,2.344640998806431,2.9484632174259047,1.513539213878898,2.642485629746033,0.0,0.0,IRL,Domestic,331,#009688,Current trajectory,2045
