corridor,name,subtitle,dest_lat,dest_lon,n_source_isos,n_source_countries,min_total_cost,median_total_cost,p25_total_cost,p75_total_cost,min_gen_cost,median_gen_cost,min_transport_cost,median_transport_cost,best_source_country,dominant_mode,within_cap_points,colour,scenario,year
A,Corridor A,North Africa & Middle East via Italy,41.9,12.5,19,19,3.351878121646166,5.0329108697134295,4.640526639952103,6.478352288117179,2.2423311339826406,3.4303621102960076,0.5999694628032692,1.5522809683692107,MAR,H2 Gas,498,#E63946,Current trajectory,2025
B,Corridor B,"Iberian Gateway (SW Europe, Africa & Americas)",37.26,-6.94,27,27,3.5508992098722825,5.916819171228067,5.451691751533188,6.816787573931009,2.249566156328331,4.06185646508411,0.21629999999999996,1.7724870839411706,MAR,NH3,1507,#F4A261,Current trajectory,2025
C,Corridor C,North Sea Hub (Global Seaborne),51.92,4.48,132,127,3.7768766935043,6.30154345690654,5.626539864718309,7.577045228486964,1.833795204467694,4.0413918742993085,1.572397422261285,2.189660178511384,JPN,NH3,5462,#2196F3,Current trajectory,2025
D,Corridor D,"Nordic, Baltic & Atlantic (Offshore Wind)",53.55,9.99,5,3,3.3074715978974267,5.370726652091333,4.742312012140268,5.88166009835237,2.087993123574217,3.529764810646913,0.8174036413688548,1.8237719518456128,GBR,NH3,219,#4CAF50,Current trajectory,2025
E,Corridor E,"SE Europe, Ukraine & Middle East Gateway",48.21,16.37,16,16,3.074872662372522,5.484301847148587,5.1745913915497805,6.878986299527069,1.8687278625781119,4.06052865708378,0.6493595721292902,2.0021327004197955,TUR,NH3,711,#9C27B0,Current trajectory,2025
EU,EU Domestic,EU Domestic Production,,,27,23,2.191786570193416,4.147578415004673,3.742014465354673,4.7202834757551635,2.191786570193416,4.147578415004673,0.0,0.0,IRL,Domestic,326,#009688,Current trajectory,2025
