corridor,name,subtitle,dest_lat,dest_lon,n_source_isos,n_source_countries,min_total_cost,median_total_cost,p25_total_cost,p75_total_cost,min_gen_cost,median_gen_cost,min_transport_cost,median_transport_cost,best_source_country,dominant_mode,within_cap_points,colour,scenario,year
A,Corridor A,North Africa & Middle East via Italy,41.9,12.5,19,17,3.370323682018273,4.9803033676694035,4.537105476142387,5.842088138020452,2.4621391882462174,3.567772330756204,0.5999694628032692,1.3489891925564643,MAR,H2 Gas,267,#E63946,Ambitious,2027
B,Corridor B,"Iberian Gateway (SW Europe, Africa & Americas)",37.26,-6.94,27,26,3.5453987090254886,5.595852049311116,5.388300795334774,5.856785061643048,2.3705285213532856,3.761450240581988,0.21629999999999996,1.772193854694735,MAR,NH3,902,#F4A261,Ambitious,2027
C,Corridor C,North Sea Hub (Global Seaborne),51.92,4.48,132,90,3.906002336743683,5.948020219297365,5.538097042151291,6.726442186644565,2.1403091749392855,3.728325940956119,1.572397422261285,2.121114496907377,USA,NH3,3223,#2196F3,Ambitious,2027
D,Corridor D,"Nordic, Baltic & Atlantic (Offshore Wind)",53.55,9.99,5,3,3.3468331100121977,5.499514637738598,4.740733283953933,5.863312360021392,2.2255779030761125,3.6392449179765256,0.8174036413688548,1.8011821005178632,GBR,NH3,190,#4CAF50,Ambitious,2027
E,Corridor E,"SE Europe, Ukraine & Middle East Gateway",48.21,16.37,16,13,3.649881757030121,6.168070383922764,5.258790880005101,6.72303239989243,2.6945795050725847,3.9118944937326146,0.6746669057117312,2.2101665293146784,TUR,NH3,315,#9C27B0,Ambitious,2027
EU,EU Domestic,EU Domestic Production,,,27,18,2.1869504576825456,4.633656897233408,3.9038961788049655,5.128384361707714,2.1869504576825456,4.633656897233408,0.0,0.0,-99,Domestic,249,#009688,Ambitious,2027
