corridor,name,subtitle,dest_lat,dest_lon,n_source_isos,n_source_countries,min_total_cost,median_total_cost,p25_total_cost,p75_total_cost,min_gen_cost,median_gen_cost,min_transport_cost,median_transport_cost,best_source_country,dominant_mode,within_cap_points,colour,scenario,year
A,Corridor A,North Africa & Middle East via Italy,41.9,12.5,19,18,3.2319338813195237,4.539435609108052,4.164598462829083,4.857808153929765,2.133048685482506,3.1548849947746964,0.5999694628032692,1.3709226216347132,MAR,H2 Gas,298,#E63946,Intermediate,2027
B,Corridor B,"Iberian Gateway (SW Europe, Africa & Americas)",37.26,-6.94,27,26,3.4077654167030595,5.54225798593146,4.945323992229743,5.885166985343133,2.1450424522777576,3.712908317120057,0.21629999999999996,1.770908500684605,MAR,NH3,1025,#F4A261,Intermediate,2027
C,Corridor C,North Sea Hub (Global Seaborne),51.92,4.48,132,101,3.6821915597883494,5.794217614294817,5.284089687855575,6.784443901129952,1.7447712418307333,3.6276544386773306,1.572397422261285,2.167563074408369,JPN,NH3,3871,#2196F3,Intermediate,2027
D,Corridor D,"Nordic, Baltic & Atlantic (Offshore Wind)",53.55,9.99,5,3,3.1960515977744652,5.238257831476397,4.619024663932619,5.647129987661238,1.9883847204018101,3.3940798652314976,0.8174036413688548,1.8237719518456128,GBR,NH3,219,#4CAF50,Intermediate,2027
E,Corridor E,"SE Europe, Ukraine & Middle East Gateway",48.21,16.37,16,14,2.9646585894708224,6.292616068248815,4.911206472151527,7.126450716769373,1.7788298021021656,4.029351330522865,0.6493595721292902,2.2644897104968837,TUR,NH3,431,#9C27B0,Intermediate,2027
EU,EU Domestic,EU Domestic Production,,,27,23,2.0930266453471753,3.8073099449495937,3.519384247133165,4.309369087715448,2.0930266453471753,3.8073099449495937,0.0,0.0,IRL,Domestic,271,#009688,Intermediate,2027
