corridor,name,subtitle,dest_lat,dest_lon,n_source_isos,n_source_countries,min_total_cost,median_total_cost,p25_total_cost,p75_total_cost,min_gen_cost,median_gen_cost,min_transport_cost,median_transport_cost,best_source_country,dominant_mode,within_cap_points,colour,scenario,year
A,Corridor A,North Africa & Middle East via Italy,41.9,12.5,19,19,2.612689251837233,4.326133703841214,3.572855794217161,4.767470804169899,1.7164831935367095,2.6812891450491585,0.5999694628032692,1.569074985112832,MAR,H2 Gas,525,#E63946,Ambitious,2045
B,Corridor B,"Iberian Gateway (SW Europe, Africa & Americas)",37.26,-6.94,27,27,2.1873626260025363,4.224522650892464,3.9522997826785957,5.218956272295858,1.546574225174981,2.404972885427278,0.21629999999999996,1.7724870839411706,MAR,NH3,1543,#F4A261,Ambitious,2045
C,Corridor C,North Sea Hub (Global Seaborne),51.92,4.48,132,128,3.2557580887210555,4.9561663556254665,4.2989121010221325,5.987701773370111,1.4875605071663858,2.579962242805885,1.572397422261285,2.189011238157981,USA,NH3,5528,#2196F3,Ambitious,2045
D,Corridor D,"Nordic, Baltic & Atlantic (Offshore Wind)",53.55,9.99,5,3,2.6327750479938263,4.273151104198607,4.0727256141642965,4.406542953173592,1.5644950630586936,2.376759903642416,0.8174036413688548,1.8237719518456128,GBR,NH3,219,#4CAF50,Ambitious,2045
E,Corridor E,"SE Europe, Ukraine & Middle East Gateway",48.21,16.37,16,16,2.795041217019982,4.975774243608809,4.41711629956529,5.454102524930855,1.7780938118809677,2.7629393294494653,0.6493595721292902,2.0021327004197955,TUR,NH3,711,#9C27B0,Ambitious,2045
EU,EU Domestic,EU Domestic Production,,,27,23,1.5662356749962214,3.1616562940622157,2.7874965075567824,3.682569615740407,1.5662356749962214,3.1616562940622157,0.0,0.0,-99,Domestic,328,#009688,Ambitious,2045
