corridor,name,subtitle,dest_lat,dest_lon,n_source_isos,n_source_countries,min_total_cost,median_total_cost,p25_total_cost,p75_total_cost,min_gen_cost,median_gen_cost,min_transport_cost,median_transport_cost,best_source_country,dominant_mode,within_cap_points,colour,scenario,year
A,Corridor A,North Africa & Middle East via Italy,41.9,12.5,19,15,2.924188460874232,3.924315798484018,3.5840286976352136,4.310674031839551,1.8550210694567009,2.6049577387714713,0.5999694628032692,1.323413233358489,MAR,H2 Gas,250,#E63946,Ambitious,2030
B,Corridor B,"Iberian Gateway (SW Europe, Africa & Americas)",37.26,-6.94,27,23,2.8776013757317234,4.833157945066985,4.354927250579342,4.991823748217131,1.8626394206256047,3.037239432506001,0.21629999999999996,1.7689811600894592,MAR,NH3,642,#F4A261,Ambitious,2030
C,Corridor C,North Sea Hub (Global Seaborne),51.92,4.48,132,78,3.4409925612543626,4.957828751278839,4.620906879367155,5.534828303656655,1.519710381804412,2.9163651039457656,1.572397422261285,2.0201499838335035,JPN,NH3,2303,#2196F3,Ambitious,2030
D,Corridor D,"Nordic, Baltic & Atlantic (Offshore Wind)",53.55,9.99,5,3,2.910600017486811,4.485313355422856,3.92747965563089,4.770453418823936,1.735172489413446,2.6952491307095996,0.8174036413688548,1.7615730537202765,GBR,NH3,127,#4CAF50,Ambitious,2030
E,Corridor E,"SE Europe, Ukraine & Middle East Gateway",48.21,16.37,16,13,2.682644711428048,4.652465710902811,4.407172754996637,6.065452024579745,1.551277176362005,2.8474152958411514,0.6832123203259945,2.092386294231045,TUR,NH3,214,#9C27B0,Ambitious,2030
EU,EU Domestic,EU Domestic Production,,,27,17,1.8405851874575856,3.2653209944023587,3.0796063758840724,3.7061239303975513,1.8405851874575856,3.2653209944023587,0.0,0.0,IRL,Domestic,233,#009688,Ambitious,2030
