corridor,name,subtitle,dest_lat,dest_lon,n_source_isos,n_source_countries,min_total_cost,median_total_cost,p25_total_cost,p75_total_cost,min_gen_cost,median_gen_cost,min_transport_cost,median_transport_cost,best_source_country,dominant_mode,within_cap_points,colour,scenario,year
A,Corridor A,North Africa & Middle East via Italy,41.9,12.5,19,19,3.5018147106083277,6.381718210803051,5.03562869671973,6.911812287971184,2.5930764597949665,4.799792105431337,0.5999694628032692,1.5281484265051246,MAR,H2 Gas,472,#E63946,Intermediate,2025
B,Corridor B,"Iberian Gateway (SW Europe, Africa & Americas)",37.26,-6.94,27,27,3.7008357988344436,6.0571172140145215,5.720905471493734,7.392834824283074,2.4932603978720493,4.237749624476396,0.21629999999999996,1.7724870839411706,MAR,NH3,1417,#F4A261,Intermediate,2025
C,Corridor C,North Sea Hub (Global Seaborne),51.92,4.48,132,127,4.01935381372421,6.87184302710963,5.979258268100782,8.467779765729379,2.254631119317482,4.454961251237446,1.572397422261285,2.190557975251486,USA,NH3,5304,#2196F3,Intermediate,2025
D,Corridor D,"Nordic, Baltic & Atlantic (Offshore Wind)",53.55,9.99,5,3,3.4705275149474986,5.776814878037179,4.983476011741138,6.282511538516449,2.340683413292279,3.8832357213622575,0.8174036413688548,1.8237719518456128,GBR,NH3,219,#4CAF50,Intermediate,2025
E,Corridor E,"SE Europe, Ukraine & Middle East Gateway",48.21,16.37,16,16,3.798755874445293,6.7928195238721205,6.388763445249487,7.423769238285692,2.828361817541138,4.729010581663907,0.6493595721292902,2.008987510833525,TUR,NH3,704,#9C27B0,Intermediate,2025
EU,EU Domestic,EU Domestic Production,,,27,23,2.293607916881449,5.027792309026484,4.348091778601075,5.896628417748366,2.293607916881449,5.027792309026484,0.0,0.0,-99,Domestic,320,#009688,Intermediate,2025
