corridor,name,subtitle,dest_lat,dest_lon,n_source_isos,n_source_countries,min_total_cost,median_total_cost,p25_total_cost,p75_total_cost,min_gen_cost,median_gen_cost,min_transport_cost,median_transport_cost,best_source_country,dominant_mode,within_cap_points,colour,scenario,year
A,Corridor A,North Africa & Middle East via Italy,41.9,12.5,19,19,2.646884897440988,3.7773729319199494,3.3986316454405436,4.670069926414508,1.604075518212383,2.1164425083551226,0.5999694628032692,1.569074985112832,MAR,H2 Gas,525,#E63946,Current trajectory,2040
B,Corridor B,"Iberian Gateway (SW Europe, Africa & Americas)",37.26,-6.94,27,27,2.3308658491279592,4.361798604208719,4.108958281815239,4.955601143753316,1.6086277191038223,2.5230608505051264,0.21629999999999996,1.7724870839411706,MAR,NH3,1543,#F4A261,Current trajectory,2040
C,Corridor C,North Sea Hub (Global Seaborne),51.92,4.48,132,131,3.2175888379946005,4.839758558660263,4.321170716878994,5.679356793795241,1.3111390130119753,2.5270139618919387,1.572397422261285,2.1882726388553237,JPN,NH3,5536,#2196F3,Current trajectory,2040
D,Corridor D,"Nordic, Baltic & Atlantic (Offshore Wind)",53.55,9.99,5,3,2.6509877458085054,4.299060120287109,3.9887722507893786,4.439967494455885,1.5032762345551445,2.4015372795205665,0.8174036413688548,1.8237719518456128,GBR,NH3,219,#4CAF50,Current trajectory,2040
E,Corridor E,"SE Europe, Ukraine & Middle East Gateway",48.21,16.37,16,16,2.4261919874401374,4.172386701858262,3.899493584657257,5.5913309122447075,1.340415657915714,2.701849942979946,0.6493595721292902,2.0021327004197955,TUR,NH3,711,#9C27B0,Current trajectory,2040
EU,EU Domestic,EU Domestic Production,,,27,25,1.6073038140801148,2.9101084464547666,2.5740247624484422,3.1922792287716124,1.6073038140801148,2.9101084464547666,0.0,0.0,IRL,Domestic,331,#009688,Current trajectory,2040
