corridor,name,subtitle,dest_lat,dest_lon,n_source_isos,n_source_countries,min_total_cost,median_total_cost,p25_total_cost,p75_total_cost,min_gen_cost,median_gen_cost,min_transport_cost,median_transport_cost,best_source_country,dominant_mode,within_cap_points,colour,scenario,year
A,Corridor A,North Africa & Middle East via Italy,41.9,12.5,19,17,3.231933881319524,4.467101010418569,4.138142879785065,4.849177283330382,2.1330486854825064,3.1347466107582878,0.5999694628032692,1.3459916261432223,MAR,H2 Gas,267,#E63946,Ambitious,2027
B,Corridor B,"Iberian Gateway (SW Europe, Africa & Americas)",37.26,-6.94,27,26,3.4077654167030595,5.540293074009627,4.9458393099848665,5.8183069365566356,2.145042452277758,3.7082497529602945,0.21629999999999996,1.772193854694735,MAR,NH3,902,#F4A261,Ambitious,2027
C,Corridor C,North Sea Hub (Global Seaborne),51.92,4.48,132,90,3.6821915597883503,5.686589868768319,5.222635459876404,6.450035699673583,1.7447712418307337,3.5628418474989187,1.572397422261285,2.119304918294122,JPN,NH3,3223,#2196F3,Ambitious,2027
D,Corridor D,"Nordic, Baltic & Atlantic (Offshore Wind)",53.55,9.99,5,3,3.1960515977744657,5.137295557885055,4.470086733789856,5.46459243246211,1.988384720401811,3.2669720205083905,0.8174036413688548,1.7935044131788398,GBR,NH3,190,#4CAF50,Ambitious,2027
E,Corridor E,"SE Europe, Ukraine & Middle East Gateway",48.21,16.37,16,13,2.9646585894708233,6.125364015778021,4.928698576563841,6.928585148345103,1.7788298021021656,3.9235237798650764,0.6746669057117312,2.2062196009030153,TUR,NH3,315,#9C27B0,Ambitious,2027
EU,EU Domestic,EU Domestic Production,,,27,18,2.093026645347176,3.7868733610976246,3.4964729802447416,4.280092797253136,2.093026645347176,3.7868733610976246,0.0,0.0,IRL,Domestic,249,#009688,Ambitious,2027
