corridor,name,subtitle,dest_lat,dest_lon,n_source_isos,n_source_countries,min_total_cost,median_total_cost,p25_total_cost,p75_total_cost,min_gen_cost,median_gen_cost,min_transport_cost,median_transport_cost,best_source_country,dominant_mode,within_cap_points,colour,scenario,year
A,Corridor A,North Africa & Middle East via Italy,41.9,12.5,19,19,2.8734946974820765,4.93684832143925,3.96379075319091,5.572582042133609,1.9712753107640097,3.3245584874363607,0.5999694628032692,1.527255723060485,MAR,H2 Gas,469,#E63946,Ambitious,2035
B,Corridor B,"Iberian Gateway (SW Europe, Africa & Americas)",37.26,-6.94,27,27,2.6825833294643475,5.150473576357317,4.692620832608822,6.171257151754592,1.9083455974607804,2.9384602618984856,0.21629999999999996,1.9993994839411706,MAR,NH3,1403,#F4A261,Ambitious,2035
C,Corridor C,North Sea Hub (Global Seaborne),51.92,4.48,132,126,3.4789305796759695,5.547855698762218,4.838929146417286,6.733838656690202,1.7109301535794723,3.1685972919437746,1.572397422261285,2.1873381567957106,USA,NH3,5303,#2196F3,Ambitious,2035
D,Corridor D,"Nordic, Baltic & Atlantic (Offshore Wind)",53.55,9.99,5,3,2.8788490778068723,5.34202238323313,4.63440488752062,5.582151634468406,1.7915605095632263,2.9635532877147495,0.8174036413688548,2.2533403064033832,GBR,NH3,216,#4CAF50,Ambitious,2035
E,Corridor E,"SE Europe, Ukraine & Middle East Gateway",48.21,16.37,16,16,3.088740594101594,6.424744229372705,5.252030618303719,7.579098700351649,2.188764698619252,3.4176427012208093,0.6493595721292902,2.584286409613837,TUR,NH3,703,#9C27B0,Ambitious,2035
EU,EU Domestic,EU Domestic Production,,,27,23,1.7811901648924415,3.709804763036728,3.373020627985289,4.397559226361249,1.7811901648924415,3.709804763036728,0.0,0.0,-99,Domestic,316,#009688,Ambitious,2035
