corridor,name,subtitle,dest_lat,dest_lon,n_source_isos,n_source_countries,min_total_cost,median_total_cost,p25_total_cost,p75_total_cost,min_gen_cost,median_gen_cost,min_transport_cost,median_transport_cost,best_source_country,dominant_mode,within_cap_points,colour,scenario,year
A,Corridor A,North Africa & Middle East via Italy,41.9,12.5,19,19,2.522678145118054,3.553356253346008,3.163378157638216,4.321733221387822,1.5034364661050392,1.8815815469187254,0.5999694628032692,1.569074985112832,DZA,H2 Gas,525,#E63946,Intermediate,2045
B,Corridor B,"Iberian Gateway (SW Europe, Africa & Americas)",37.26,-6.94,27,27,2.1088941430345614,4.081649170719649,3.8479252660624597,4.611011721363504,1.5067556073857336,2.2467369169663907,0.21629999999999996,1.7724870839411706,MAR,NH3,1543,#F4A261,Intermediate,2045
C,Corridor C,North Sea Hub (Global Seaborne),51.92,4.48,132,131,3.1283314173628747,4.56799211883242,4.071414573224906,5.3341101110171225,1.2288390659918496,2.253827310274045,1.572397422261285,2.188343432260829,JPN,NH3,5535,#2196F3,Intermediate,2045
D,Corridor D,"Nordic, Baltic & Atlantic (Offshore Wind)",53.55,9.99,5,3,2.54587142037309,4.047899640828771,3.8676366169008425,4.170349531753777,1.4107047858624022,2.152666172078208,0.8174036413688548,1.8237719518456128,GBR,NH3,219,#4CAF50,Intermediate,2045
E,Corridor E,"SE Europe, Ukraine & Middle East Gateway",48.21,16.37,16,16,2.322557724055555,3.9233613535744607,3.6771708600784785,5.322689276537226,1.2570414609632254,2.4117503623230814,0.6493595721292902,2.0021327004197955,TUR,NH3,711,#9C27B0,Intermediate,2045
EU,EU Domestic,EU Domestic Production,,,27,25,1.5135392138788981,2.6427879951358815,2.3450011938779087,2.9516497846683096,1.5135392138788981,2.6427879951358815,0.0,0.0,IRL,Domestic,330,#009688,Intermediate,2045
