corridor,name,subtitle,dest_lat,dest_lon,n_source_isos,n_source_countries,min_total_cost,median_total_cost,p25_total_cost,p75_total_cost,min_gen_cost,median_gen_cost,min_transport_cost,median_transport_cost,best_source_country,dominant_mode,within_cap_points,colour,scenario,year
A,Corridor A,North Africa & Middle East via Italy,41.9,12.5,19,17,2.9241884608742326,3.955919255228719,3.6107533798960176,4.320112541682462,1.855021069456701,2.6181748343530282,0.5999694628032692,1.3458038102977357,MAR,H2 Gas,273,#E63946,Intermediate,2030
B,Corridor B,"Iberian Gateway (SW Europe, Africa & Americas)",37.26,-6.94,27,26,2.8776013757317234,4.920027558667831,4.4481295870003414,5.177602695353566,1.862639420625605,3.0917659617185214,0.21629999999999996,1.7721798717040678,MAR,NH3,938,#F4A261,Intermediate,2030
C,Corridor C,North Sea Hub (Global Seaborne),51.92,4.48,132,91,3.4409925612543626,5.1490543140732825,4.759696362063146,5.852844297009666,1.5197103818044122,2.997104689962601,1.572397422261285,2.137660452071824,JPN,NH3,3435,#2196F3,Intermediate,2030
D,Corridor D,"Nordic, Baltic & Atlantic (Offshore Wind)",53.55,9.99,5,3,2.9106000174868107,4.834278161907447,4.2487560344222075,5.041498236783773,1.7351724894134464,2.9429916084245953,0.8174036413688548,1.834914541563418,GBR,NH3,211,#4CAF50,Intermediate,2030
E,Corridor E,"SE Europe, Ukraine & Middle East Gateway",48.21,16.37,16,13,2.682644711428048,5.810504569339887,4.407252949626866,6.445573767665818,1.5512771763620057,3.553387928505968,0.6746669057117312,2.2264984075159777,TUR,NH3,347,#9C27B0,Intermediate,2030
EU,EU Domestic,EU Domestic Production,,,27,19,1.8405851874575858,3.282016439651671,3.0829603230487526,3.722142718761022,1.8405851874575858,3.282016439651671,0.0,0.0,IRL,Domestic,255,#009688,Intermediate,2030
