corridor,name,subtitle,dest_lat,dest_lon,n_source_isos,n_source_countries,min_total_cost,median_total_cost,p25_total_cost,p75_total_cost,min_gen_cost,median_gen_cost,min_transport_cost,median_transport_cost,best_source_country,dominant_mode,within_cap_points,colour,scenario,year
A,Corridor A,North Africa & Middle East via Italy,41.9,12.5,19,19,2.7757390691611628,3.99515770877237,3.614252176304117,4.300483021805999,1.7201078042623001,2.358489310303148,0.5999694628032692,1.5278432563692999,MAR,H2 Gas,472,#E63946,Ambitious,2035
B,Corridor B,"Iberian Gateway (SW Europe, Africa & Americas)",37.26,-6.94,27,27,2.585208387261266,4.6289026565341365,4.320026853567852,5.191067507780953,1.7260840365775605,2.7977772591461383,0.21629999999999996,1.7724870839411706,MAR,NH3,1422,#F4A261,Ambitious,2035
C,Corridor C,North Sea Hub (Global Seaborne),51.92,4.48,132,126,3.32071880546847,5.0899788156521115,4.576712213588355,6.020146463198632,1.4070107795316795,2.8067688537745763,1.572397422261285,2.185710972338838,JPN,NH3,5303,#2196F3,Ambitious,2035
D,Corridor D,"Nordic, Baltic & Atlantic (Offshore Wind)",53.55,9.99,5,3,2.7714147235586855,4.5856869315086275,4.125529903397446,4.737511480303164,1.6103108949604983,2.6767250173222963,0.8174036413688548,1.8237719518456128,GBR,NH3,219,#4CAF50,Ambitious,2035
E,Corridor E,"SE Europe, Ukraine & Middle East Gateway",48.21,16.37,16,16,2.5450728430212664,4.452357235531149,4.150096999400715,5.840718718461339,1.4374081073613427,3.0120524804270854,0.6493595721292902,2.003847157988666,TUR,NH3,706,#9C27B0,Ambitious,2035
EU,EU Domestic,EU Domestic Production,,,27,23,1.7152200176033814,3.1180166008847796,2.8276357410920627,3.4924733644556696,1.7152200176033814,3.1180166008847796,0.0,0.0,IRL,Domestic,316,#009688,Ambitious,2035
