corridor,name,subtitle,dest_lat,dest_lon,n_source_isos,n_source_countries,min_total_cost,median_total_cost,p25_total_cost,p75_total_cost,min_gen_cost,median_gen_cost,min_transport_cost,median_transport_cost,best_source_country,dominant_mode,within_cap_points,colour,scenario,year
A,Corridor A,North Africa & Middle East via Italy,41.9,12.5,19,19,2.734506640732681,4.651692460962309,3.830814641146921,5.1426372499392015,1.8351973942543727,3.010088060220284,0.5999694628032692,1.569074985112832,MAR,H2 Gas,525,#E63946,Intermediate,2040
B,Corridor B,"Iberian Gateway (SW Europe, Africa & Americas)",37.26,-6.94,27,27,2.418239252728737,4.509961876023963,4.222495798219877,5.625823760955214,1.7411430535621824,2.695652515660692,0.21629999999999996,1.7724870839411706,MAR,NH3,1543,#F4A261,Intermediate,2040
C,Corridor C,North Sea Hub (Global Seaborne),51.92,4.48,132,131,3.3594403419903625,5.273339157539002,4.566497501345873,6.371229416461201,1.5912576559875038,2.884067463295452,1.572397422261285,2.188343432260829,USA,NH3,5535,#2196F3,Intermediate,2040
D,Corridor D,"Nordic, Baltic & Atlantic (Offshore Wind)",53.55,9.99,5,3,2.747554297693454,4.551181485949519,4.1997725144915465,4.699506845240094,1.6700638625642144,2.6587759201593326,0.8174036413688548,1.8237719518456128,GBR,NH3,219,#4CAF50,Intermediate,2040
E,Corridor E,"SE Europe, Ukraine & Middle East Gateway",48.21,16.37,16,16,2.9325886886816273,5.289999980430448,4.72229291736781,5.762851691127823,2.00012833414557,3.0798033075409252,0.6493595721292902,2.0021327004197955,TUR,NH3,711,#9C27B0,Intermediate,2040
EU,EU Domestic,EU Domestic Production,,,27,23,1.6662238151860491,3.447669516972194,3.0750795018962034,4.04463647578592,1.6662238151860491,3.447669516972194,0.0,0.0,-99,Domestic,328,#009688,Intermediate,2040
