corridor,name,subtitle,dest_lat,dest_lon,n_source_isos,n_source_countries,min_total_cost,median_total_cost,p25_total_cost,p75_total_cost,min_gen_cost,median_gen_cost,min_transport_cost,median_transport_cost,best_source_country,dominant_mode,within_cap_points,colour,scenario,year
A,Corridor A,North Africa & Middle East via Italy,41.9,12.5,19,19,2.6126892518372333,4.326133703841215,3.5728557942171615,4.7674708041699,1.7164831935367095,2.681289145049159,0.5999694628032692,1.569074985112832,MAR,H2 Gas,525,#E63946,Intermediate,2045
B,Corridor B,"Iberian Gateway (SW Europe, Africa & Americas)",37.26,-6.94,27,27,2.1873626260025363,4.224522650892464,3.9522997826785957,5.218956272295859,1.5465742251749812,2.4049728854272785,0.21629999999999996,1.7724870839411706,MAR,NH3,1543,#F4A261,Intermediate,2045
C,Corridor C,North Sea Hub (Global Seaborne),51.92,4.48,132,131,3.2557580887210564,4.956336956293476,4.298863546738611,5.9877613104573175,1.487560507166386,2.5807190767169317,1.572397422261285,2.188343432260829,USA,NH3,5535,#2196F3,Intermediate,2045
D,Corridor D,"Nordic, Baltic & Atlantic (Offshore Wind)",53.55,9.99,5,3,2.6327750479938263,4.273151104198607,4.0727256141642965,4.406542953173592,1.5644950630586938,2.3767599036424163,0.8174036413688548,1.8237719518456128,GBR,NH3,219,#4CAF50,Intermediate,2045
E,Corridor E,"SE Europe, Ukraine & Middle East Gateway",48.21,16.37,16,16,2.795041217019982,4.97577424360881,4.417116299565292,5.454102524930855,1.778093811880968,2.7629393294494657,0.6493595721292902,2.0021327004197955,TUR,NH3,711,#9C27B0,Intermediate,2045
EU,EU Domestic,EU Domestic Production,,,27,25,1.5662356749962214,3.161656294062216,2.7883167388635055,3.68151675037735,1.5662356749962214,3.161656294062216,0.0,0.0,-99,Domestic,330,#009688,Intermediate,2045
