corridor,name,subtitle,dest_lat,dest_lon,n_source_isos,n_source_countries,min_total_cost,median_total_cost,p25_total_cost,p75_total_cost,min_gen_cost,median_gen_cost,min_transport_cost,median_transport_cost,best_source_country,dominant_mode,within_cap_points,colour,scenario,year
A,Corridor A,North Africa & Middle East via Italy,41.9,12.5,19,19,2.6468848974409878,3.7739392311886713,3.3951556381067474,4.653352198089788,1.604075518212383,2.113768879498142,0.5999694628032692,1.56531666986788,MAR,H2 Gas,520,#E63946,Ambitious,2040
B,Corridor B,"Iberian Gateway (SW Europe, Africa & Americas)",37.26,-6.94,27,27,2.3308658491279597,4.360635224466788,4.108869070862376,4.952125612552014,1.608627719103822,2.5208720831153686,0.21629999999999996,1.7724870839411706,MAR,NH3,1538,#F4A261,Ambitious,2040
C,Corridor C,North Sea Hub (Global Seaborne),51.92,4.48,132,128,3.217588837994601,4.839653313302271,4.321171690314452,5.6810972529046655,1.3111390130119753,2.5262026530109196,1.572397422261285,2.1892680851560606,JPN,NH3,5521,#2196F3,Ambitious,2040
D,Corridor D,"Nordic, Baltic & Atlantic (Offshore Wind)",53.55,9.99,5,3,2.6509877458085054,4.299060120287109,3.9887722507893786,4.439967494455885,1.5032762345551445,2.401537279520567,0.8174036413688548,1.8237719518456128,GBR,NH3,219,#4CAF50,Ambitious,2040
E,Corridor E,"SE Europe, Ukraine & Middle East Gateway",48.21,16.37,16,16,2.426191987440137,4.172386701858262,3.899493584657257,5.5913309122447075,1.3404156579157143,2.701849942979946,0.6493595721292902,2.0021327004197955,TUR,NH3,711,#9C27B0,Ambitious,2040
EU,EU Domestic,EU Domestic Production,,,27,23,1.607303814080115,2.912614780969805,2.5823735998777346,3.192015684229255,1.607303814080115,2.912614780969805,0.0,0.0,IRL,Domestic,328,#009688,Ambitious,2040
