corridor,name,subtitle,dest_lat,dest_lon,n_source_isos,n_source_countries,min_total_cost,median_total_cost,p25_total_cost,p75_total_cost,min_gen_cost,median_gen_cost,min_transport_cost,median_transport_cost,best_source_country,dominant_mode,within_cap_points,colour,scenario,year
A,Corridor A,North Africa & Middle East via Italy,41.9,12.5,19,19,2.4739700035475316,4.020868687614105,3.32053874125722,4.423413312880436,1.5837950039845161,2.391729234011888,0.5999694628032692,1.569074985112832,LBY,H2 Gas,525,#E63946,Current trajectory,2050
B,Corridor B,"Iberian Gateway (SW Europe, Africa & Americas)",37.26,-6.94,27,27,1.9851801209051958,3.968296235631023,3.714771682821409,4.861755371848631,1.3767537770047604,2.1440523106561375,0.21629999999999996,1.7724870839411706,MAR,NH3,1543,#F4A261,Current trajectory,2050
C,Corridor C,North Sea Hub (Global Seaborne),51.92,4.48,132,131,3.1528457665909073,4.679422544323661,4.062381529627325,5.6317258007775015,1.3767537770047604,2.314828150162133,1.572397422261285,2.1882726388553237,CHL,NH3,5536,#2196F3,Current trajectory,2050
D,Corridor D,"Nordic, Baltic & Atlantic (Offshore Wind)",53.55,9.99,5,3,2.5316966911440053,4.022446290130041,3.870381575772047,4.1397856023851265,1.4720864005303511,2.1515830081698457,0.8174036413688548,1.8237719518456128,GBR,NH3,219,#4CAF50,Current trajectory,2050
E,Corridor E,"SE Europe, Ukraine & Middle East Gateway",48.21,16.37,16,16,2.6730830555381977,4.691941482406133,4.148479473099943,5.156458176509135,1.5837950039845161,2.4978615548191936,0.6493595721292902,2.0021327004197955,TUR,NH3,711,#9C27B0,Current trajectory,2050
EU,EU Domestic,EU Domestic Production,,,27,25,1.478577671097381,2.855808031671728,2.507603637075987,3.3258915976913035,1.478577671097381,2.855808031671728,0.0,0.0,-99,Domestic,331,#009688,Current trajectory,2050
