corridor,name,subtitle,dest_lat,dest_lon,n_source_isos,n_source_countries,min_total_cost,median_total_cost,p25_total_cost,p75_total_cost,min_gen_cost,median_gen_cost,min_transport_cost,median_transport_cost,best_source_country,dominant_mode,within_cap_points,colour,scenario,year
A,Corridor A,North Africa & Middle East via Italy,41.9,12.5,19,19,2.5226781451180535,3.5533562533460072,3.1633781576382165,4.321733221387822,1.503436466105039,1.881581546918725,0.5999694628032692,1.569074985112832,DZA,H2 Gas,525,#E63946,Ambitious,2045
B,Corridor B,"Iberian Gateway (SW Europe, Africa & Americas)",37.26,-6.94,27,27,2.1088941430345614,4.081649170719649,3.847925266062459,4.611011721363503,1.5067556073857336,2.2467369169663898,0.21629999999999996,1.7724870839411706,MAR,NH3,1543,#F4A261,Ambitious,2045
C,Corridor C,North Sea Hub (Global Seaborne),51.92,4.48,132,128,3.1283314173628747,4.568510395406772,4.071699883714389,5.335551780326795,1.2288390659918493,2.253438468572045,1.572397422261285,2.189011238157981,JPN,NH3,5528,#2196F3,Ambitious,2045
D,Corridor D,"Nordic, Baltic & Atlantic (Offshore Wind)",53.55,9.99,5,3,2.54587142037309,4.04789964082877,3.8676366169008425,4.170349531753776,1.4107047858624022,2.152666172078208,0.8174036413688548,1.8237719518456128,GBR,NH3,219,#4CAF50,Ambitious,2045
E,Corridor E,"SE Europe, Ukraine & Middle East Gateway",48.21,16.37,16,16,2.322557724055554,3.923361353574461,3.677170860078478,5.322689276537225,1.2570414609632254,2.411750362323081,0.6493595721292902,2.0021327004197955,TUR,NH3,711,#9C27B0,Ambitious,2045
EU,EU Domestic,EU Domestic Production,,,27,23,1.5135392138788983,2.6427879951358815,2.3457215840208647,2.945276650183499,1.5135392138788983,2.6427879951358815,0.0,0.0,IRL,Domestic,328,#009688,Ambitious,2045
